Posted_date,Job Title,Country,Company,Skill
12-09-2024,Frontend developer,Germany,U.S. Bank,R
10-20-2024,Frontend developer,Germany,Fidelity TalentSource,R
11-15-2024,Frontend developer,Germany,Inabia Software &amp; Consulting Inc.,R
03-30-2022,Frontend developer,Germany,American-IS,"LAN,R"
12-02-2024,Frontend developer,Germany,Cognizant,R
09-19-2024,Frontend developer,Germany,TEK NINJAS,R
10-30-2024,Frontend developer,Germany,CEDENT,"Software Development,R"
04-11-2022,Frontend developer,Germany,"Bayone Solutions, Inc.",R
12-14-2020,Frontend developer,Germany,I-Team,"Software Development,R"
11-07-2024,Frontend developer,Germany,RisamSoft,"Software Development,R"
03-20-2020,Frontend developer,Germany,Axionent,"LAN,R"
11-22-2024,Frontend developer,Germany,Inclusion Cloud,"LAN,R"
02-23-2024,Frontend developer,Germany,Photon,"LAN,R"
12-05-2024,Frontend developer,Germany,Tyler Technologies,"Software Development,R"
07-02-2024,Frontend developer,Germany,Fidelity TalentSource,"LAN,R"
12-06-2024,Frontend developer,Germany,Indeed,R
12-06-2024,Frontend developer,Germany,American Airlines,"Software Development,R"
10-08-2024,Frontend developer,Germany,TEK NINJAS,"LAN,R"
12-03-2024,Frontend developer,Germany,Indeed,"Software Development,R"
09-12-2024,Frontend developer,Germany,Michaels,R
01-09-2023,Frontend developer,Germany,CEDENT,"Software Development,R"
05-21-2024,Frontend developer,Germany,Photon,"LAN,R"
11-22-2024,Frontend developer,Germany,Vofox Solutions,R
10-21-2024,Frontend developer,Germany,CVS Health,"Software Development,R"
12-03-2024,Frontend developer,Germany,Indeed,"LAN,R"
12-06-2024,Frontend developer,Germany,Infosys,"Software Development,R"
12-06-2024,Frontend developer,Germany,Indeed,"Authorization,R"
11-18-2024,Frontend developer,Germany,Nisum,R
11-04-2024,Frontend developer,Germany,GoodLeap,R
12-01-2024,Frontend developer,Germany,Everlight Solar,R
12-06-2024,Frontend developer,Germany,Indeed,R
09-12-2024,Frontend developer,Germany,Michaels,R
12-06-2024,Frontend developer,Germany,American Airlines,"Software Development,R"
11-22-2024,Frontend developer,Germany,Vofox Solutions,R
12-03-2024,Frontend developer,Germany,Indeed,"Software Development,R"
10-08-2024,Frontend developer,Germany,TEK NINJAS,"LAN,R"
01-09-2023,Frontend developer,Germany,CEDENT,"Software Development,R"
10-21-2024,Frontend developer,Germany,CVS Health,"Software Development,R"
11-04-2024,Frontend developer,Germany,GoodLeap,R
05-21-2024,Frontend developer,Germany,Photon,"LAN,R"
12-03-2024,Frontend developer,Germany,Indeed,"LAN,R"
10-10-2024,Frontend developer,Germany,NTT Data Services,"Software Development,R"
12-06-2024,Frontend developer,Germany,Infosys,"Software Development,R"
12-06-2024,Frontend developer,Germany,Indeed,"Authorization,R"
11-18-2024,Frontend developer,Germany,Nisum,R
12-01-2024,Frontend developer,Germany,Everlight Solar,R
12-03-2024,Frontend developer,Germany,Indeed,"Authorization,R"
11-07-2024,Frontend developer,Germany,Adswizz,"LAN,R"
10-25-2024,Frontend developer,Germany,Indeed,"Software Development,R"
09-13-2024,Frontend developer,Germany,Toyota,"Software Development,R"
12-10-2024,Frontend developer,Germany,Select Medical,"Software Development,R"
11-08-2024,Frontend developer,Germany,Indeed,"Authorization,R"
10-17-2024,Frontend developer,Germany,Intone networks,"Software Development,R"
09-30-2024,Frontend developer,Germany,Capgemini,"LAN,R"
10-28-2024,Frontend developer,Germany,Capgemini,"LAN,R"
12-06-2024,Frontend developer,Germany,Indeed,R
11-01-2022,Frontend developer,Germany,SDH Systems,"Software Development,R"
10-09-2024,Frontend developer,Germany,Zimperium,"Software Development,R"
10-31-2024,Frontend developer,Germany,Select Medical,"LAN,R"
11-14-2024,Frontend developer,Germany,Indeed,"Software Development,R"
05-04-2017,Frontend developer,Germany,Sonsoft Inc,"LAN,R"
12-21-2022,Frontend developer,Germany,Nuanza,R
08-01-2024,Frontend developer,Germany,TEK NINJAS,"Software Development,R"
12-29-2023,Frontend developer,Germany,Adidev Technologies Inc,R
05-03-2017,Frontend developer,Germany,Sonsoft Inc,"LAN,R"
11-07-2024,Frontend developer,Germany,Sirius XM,"LAN,R"
10-08-2024,Frontend developer,Germany,Capital One,"Software Development,R"
10-16-2024,Frontend developer,Germany,Photon,"LAN,R"
08-23-2022,Frontend developer,Germany,CEO Foundry,"LAN,R"
07-26-2023,Frontend developer,Germany,Five Pack Creative,"MAN,Project Management,R"
12-05-2024,Frontend developer,Germany,Indeed,"Software Development,R"
11-20-2024,Frontend developer,Germany,Apollo Technology Solutions LLC,"Software Development,R"
12-04-2024,Frontend developer,Germany,Infosys,"Software Development,R"
11-25-2024,Frontend developer,Germany,PepsiCo,"Software Development,R"
11-21-2024,Frontend developer,Germany,Infosys,"LAN,R"
10-11-2024,Frontend developer,Germany,Adidev Technologies Inc,R
10-17-2024,Frontend developer,Germany,Toyota Tsusho Systems,"Software Development,R"
09-05-2024,Frontend developer,Germany,"Contact Government Services, LLC","LAN,R"
07-26-2024,Frontend developer,Germany,Care.com,"LAN,R"
10-18-2024,Frontend developer,Germany,Adidev Technologies Inc,R
10-21-2024,Frontend developer,Germany,"Contact Government Services, LLC",R
10-12-2018,Frontend developer,Germany,Crossroads Technologies,R
08-30-2024,Frontend developer,Germany,"Contact Government Services, LLC",R
04-17-2019,Frontend developer,Germany,Crossroads Technologies,R
11-22-2024,Frontend developer,Germany,Adidev Technologies Inc,"LAN,R"
10-09-2024,Frontend developer,Germany,"Contact Government Services, LLC","LAN,R"
04-17-2019,Frontend developer,Germany,Crossroads Technologies,"MAN,Project Management,R"
11-22-2024,Frontend developer,Germany,Adidev Technologies Inc,R
10-01-2024,Frontend developer,Germany,Indeed,"Software Development,R"
10-11-2024,Frontend developer,Germany,Adidev Technologies Inc,"LAN,R"
10-11-2024,Frontend developer,Germany,Adidev Technologies Inc,"LAN,R"
04-20-2023,Frontend developer,Germany,Rightnow Ministries International,"LAN,R"
12-03-2021,Frontend developer,Germany,VYNYL,"Software Development,R"
11-04-2024,Frontend developer,Germany,"Standard Motor Products, Inc.",R
11-04-2024,Frontend developer,Germany,Indeed,"Software Development,R"
12-06-2024,Frontend developer,Germany,Indeed,R
12-05-2024,Frontend developer,Germany,Tyler Technologies,"Software Development,R"
10-21-2024,Frontend developer,Germany,CVS Health,"Software Development,R"
12-03-2024,Frontend developer,Germany,Indeed,"Authorization,R"
12-06-2024,Frontend developer,Germany,Infosys,"Software Development,R"
11-18-2024,Frontend developer,Germany,Nisum,R
12-01-2024,Frontend developer,Germany,Everlight Solar,R
11-21-2024,Frontend developer,Germany,Infosys,"LAN,R"
07-08-2020,Frontend developer,Germany,Infosys,"LAN,R"
11-19-2024,Frontend developer,Germany,Geoforce,R
07-07-2019,Frontend developer,Germany,Synthesis Systems,"LAN,R"
10-12-2018,Frontend developer,Germany,Crossroads Technologies,R
10-21-2024,Frontend developer,Germany,"Contact Government Services, LLC",R
10-09-2024,Frontend developer,Germany,"Contact Government Services, LLC","LAN,R"
08-30-2024,Frontend developer,Germany,"Contact Government Services, LLC",R
12-06-2024,Frontend developer,Germany,Indeed,R
12-05-2024,Frontend developer,Germany,Tyler Technologies,"Software Development,R"
10-21-2024,Frontend developer,Germany,CVS Health,"Software Development,R"
12-03-2024,Frontend developer,Germany,Indeed,"Authorization,R"
12-06-2024,Frontend developer,Germany,Infosys,"Software Development,R"
11-18-2024,Frontend developer,Germany,Nisum,R
12-01-2024,Frontend developer,Germany,Everlight Solar,R
11-21-2024,Frontend developer,Germany,Infosys,"LAN,R"
07-08-2020,Frontend developer,Germany,Infosys,"LAN,R"
11-19-2024,Frontend developer,Germany,Geoforce,R
07-07-2019,Frontend developer,Germany,Synthesis Systems,"LAN,R"
10-12-2018,Frontend developer,Germany,Crossroads Technologies,R
10-21-2024,Frontend developer,Germany,"Contact Government Services, LLC",R
10-09-2024,Frontend developer,Germany,"Contact Government Services, LLC","LAN,R"
08-30-2024,Frontend developer,Germany,"Contact Government Services, LLC",R
10-11-2024,Frontend developer,Germany,Adidev Technologies Inc,"LAN,R"
04-20-2023,Frontend developer,Germany,Rightnow Ministries International,"LAN,R"
12-03-2021,Frontend developer,Germany,VYNYL,"Software Development,R"
11-04-2024,Frontend developer,Germany,"Standard Motor Products, Inc.",R
11-04-2024,Frontend developer,Germany,Indeed,"Software Development,R"
12-09-2024,Frontend developer,Germany,iSeatz,"Software Development,R"
08-09-2024,Frontend developer,Germany,Smart IMS,R
12-21-2023,Frontend developer,Germany,CAST Software Inc.,"Software Development,R"
10-18-2024,Frontend developer,Germany,Minitab,R
11-19-2024,Frontend developer,Germany,"Blue Mountain Quality Resources, LLC","LAN,R"
11-22-2024,Frontend developer,Germany,"Blue Mountain Quality Resources, LLC",R
11-22-2024,Frontend developer,Germany,"Blue Mountain Quality Resources, LLC",R
12-05-2024,Frontend developer,Germany,AT&amp;T,R
01-28-2024,Frontend developer,Germany,Fults &amp; Associates,"Software Development,R"
11-22-2024,Frontend developer,Germany,Inclusion Cloud,"Gin,Data Engineering,R"
08-04-2020,Frontend developer,Germany,Lead Liaison,"Software Development,R"
06-10-2022,Frontend developer,Germany,Palni,R
12-10-2024,Frontend developer,Germany,Virtusa,"LAN,R"
05-15-2024,Frontend developer,Germany,Photon,R
03-28-2024,Frontend developer,Germany,Photon,"LAN,R"
03-07-2024,Frontend developer,Germany,Photon,"LAN,R"
11-22-2024,Frontend developer,Germany,Inclusion Cloud,"Analytics,Gin,MAN,Data Management,Data Engineering,R"
11-22-2024,Frontend developer,Germany,Inclusion Cloud,R
08-06-2024,Frontend developer,Germany,Nuvem,"Gin,Data Engineering,R"
11-06-2024,Frontend developer,Germany,Citi,R
11-22-2024,Frontend developer,Germany,Inclusion Cloud,"Software Development,R"
11-21-2024,Frontend developer,Germany,Accenture,"LAN,R"
11-06-2024,Frontend developer,Germany,Citi,R
12-03-2024,Frontend developer,Germany,T-Mobile,"LAN,R"
12-03-2024,Frontend developer,Germany,CAPCO,R
11-27-2024,Frontend developer,Germany,Cognizant,"Software Development,R"
10-18-2024,Frontend developer,Germany,Baer Group,"Software Development,R"
09-03-2024,Frontend developer,Germany,Hitachi Digital Services,R
02-23-2024,Frontend developer,Germany,Photon,"LAN,R"
06-16-2023,Frontend developer,Germany,Energy Transfer Family of Partnerships,"Gin,Data Engineering,R"
11-27-2024,Frontend developer,Germany,Cognizant,"Software Development,R"
12-05-2024,Frontend developer,Germany,Accenture,"Software Development,R"
04-01-2022,Frontend developer,Germany,Pixentia,"LAN,R"
08-29-2024,Frontend developer,Germany,Topgolf Callaway Brands Corp.,"LAN,R"
10-29-2024,Frontend developer,Germany,Wolters Kluwer,"Software Development,R"
09-17-2024,Frontend developer,Germany,"Vizient, Inc.",R
01-10-2024,Frontend developer,Germany,Fults &amp; Associates,"Software Development,R"
09-03-2024,Frontend developer,Germany,Hitachi Digital Services,R
12-03-2024,Frontend developer,Germany,T-Mobile,"LAN,R"
01-10-2024,Frontend developer,Germany,Fults &amp; Associates,"Software Development,R"
08-29-2024,Frontend developer,Germany,Topgolf Callaway Brands Corp.,"LAN,R"
10-29-2024,Frontend developer,Germany,Wolters Kluwer,"Software Development,R"
11-06-2024,Frontend developer,Germany,Citi,R
11-27-2024,Frontend developer,Germany,Cognizant,"Software Development,R"
12-03-2024,Frontend developer,Germany,CAPCO,R
06-16-2023,Frontend developer,Germany,Energy Transfer Family of Partnerships,"Gin,Data Engineering,R"
11-27-2024,Frontend developer,Germany,Cognizant,"Software Development,R"
10-18-2024,Frontend developer,Germany,Baer Group,"Software Development,R"
04-01-2022,Frontend developer,Germany,Pixentia,"LAN,R"
12-05-2024,Frontend developer,Germany,Accenture,"Software Development,R"
02-23-2024,Frontend developer,Germany,Photon,"LAN,R"
12-06-2024,Frontend developer,Germany,Intone networks,"LAN,R"
10-22-2024,Frontend developer,Germany,Photon,R
12-10-2024,Frontend developer,Germany,zenith services,"Software Development,R"
09-17-2024,Frontend developer,Germany,"Vizient, Inc.",R
06-25-2024,Frontend developer,Germany,Photon,"LAN,R"
12-05-2024,Frontend developer,Germany,Nuvem,"LAN,R"
01-09-2024,Frontend developer,Germany,Fidelity TalentSource,"LAN,R"
11-22-2024,Frontend developer,Germany,Inclusion Cloud,"LAN,R"
07-21-2020,Frontend developer,Germany,Palni,"Software Development,R"
10-30-2024,Frontend developer,Germany,CEDENT,"Software Development,R"
07-09-2024,Frontend developer,Germany,"VIZIO, Inc.","Software Development,R"
12-08-2024,Frontend developer,Germany,Fidelity TalentSource,R
11-20-2024,Frontend developer,Germany,Digital Realty,"ORM,R"
09-20-2024,Frontend developer,Germany,Gartner,"MAN,R"
11-07-2024,Frontend developer,Germany,RisamSoft,R
06-12-2023,Frontend developer,Germany,EZ4 Technologies,R
11-22-2024,Frontend developer,Germany,Inclusion Cloud,R
07-26-2021,Frontend developer,Germany,"Mentalix, Inc.","LAN,R"
10-31-2024,Frontend developer,Germany,JSX,"Software Development,R"
11-18-2024,Frontend developer,Germany,JPMorgan Chase,"LAN,R"
06-14-2024,Frontend developer,Germany,Photon,"LAN,R"
12-05-2024,Frontend developer,Germany,Deloitte,"LAN,R"
12-06-2024,Frontend developer,Germany,Liberty Software,"LAN,R"
11-22-2024,Frontend developer,Germany,Inclusion Cloud,"LAN,R"
12-05-2024,Frontend developer,Germany,Deloitte,"LAN,R"
11-05-2024,Frontend developer,Germany,KPMG,"LAN,R"
11-18-2024,Frontend developer,Germany,Cognizant,R
07-31-2023,Frontend developer,Germany,Augur IT,"LAN,R"
11-25-2022,Frontend developer,Germany,Unigo,"LAN,R"
10-03-2024,Frontend developer,Germany,Wells Fargo,"Software Development,R"
12-03-2024,Frontend developer,Germany,Indeed,"Software Development,R"
11-18-2024,Frontend developer,Germany,Raytheon,R
11-18-2024,Frontend developer,Germany,Broadcom,"LAN,R"
06-12-2023,Frontend developer,Germany,EZ4 Technologies,R
07-28-2022,Frontend developer,Germany,AmplifAI Solutions,R
11-18-2024,Frontend developer,Germany,Broadcom,"LAN,R"
11-22-2024,Frontend developer,Germany,Inclusion Cloud,R
09-25-2019,Frontend developer,Germany,Digital Success,"Software Development,R"
05-21-2024,Frontend developer,Germany,Photon,"LAN,R"
02-23-2021,Frontend developer,Germany,CapB InfoteK,"Software Development,R"
09-12-2024,Frontend developer,Germany,Photon,"LAN,R"
12-05-2024,Frontend developer,Germany,Indeed,"LAN,R"
06-07-2022,Frontend developer,Germany,Winsteer Technology,"LAN,R"
11-12-2024,Frontend developer,Germany,Palco,R
10-18-2024,Frontend developer,Germany,Indeed,"Software Development,R"
07-11-2024,Frontend developer,Germany,Harness,"LAN,R"
10-30-2024,Frontend developer,Germany,Indeed,"Authorization,R"
09-28-2024,Frontend developer,Germany,Indeed,"Software Development,R"
10-29-2024,Frontend developer,Germany,Indeed,"LAN,R"
10-11-2024,Frontend developer,Germany,Indeed,R
11-16-2023,Frontend developer,Germany,"Contact Government Services, LLC","Software Development,R"
09-05-2024,Frontend developer,Germany,"Contact Government Services, LLC","LAN,R"
07-23-2024,Frontend developer,Germany,"Contact Government Services, LLC","LAN,R"
10-09-2024,Frontend developer,Germany,"Contact Government Services, LLC","LAN,R"
08-14-2024,Frontend developer,Germany,"Contact Government Services, LLC","LAN,R"
09-03-2024,Frontend developer,Germany,"Contact Government Services, LLC",R
10-25-2024,Frontend developer,Germany,"Contact Government Services, LLC","LAN,R"
08-30-2024,Frontend developer,Germany,iSeatz,R
